Pclass,Embarked,SurvivalRate,Fare
1,Cherbourg,0.4444444444444444,36.68770000000001
1,Southampton,0.45454545454545453,29.002353623188405
2,Cherbourg,1.0,36.68770000000001
2,Southampton,0.625,29.002353623188405
3,Cherbourg,0.4,36.68770000000001
3,Queenstown,0.6666666666666666,11.12871111111111
3,Southampton,0.21428571428571427,29.002353623188405
